2010,4911,0.028315248,0.164714856,12362.703,350.053,8587.477,110.188
2011,4911,0.025892192,0.16416975,13111.018,339.473,9180.432,33.583
2012,4911,0.028516665,0.186508078,13379.615,381.542,9277.326,26.202
2013,4911,0.030060215,0.185202297,13508.686,406.074,9168.226,9.526
2014,4911,0.02777756,0.175691285,14313.532,397.595,9794.43,7.604
2015,4911,0.029095654,0.203714652,15028.258,437.257,10308.801,39.488
2016,4911,0.027619783,0.204942442,16004.253,442.034,11068.341,8.881
2017,4911,0.02870049,0.232958515,17019.082,488.456,11883.352,13.892
2018,4911,0.028931225,0.218844505,17664.202,511.047,12315.497,5.766
2019,4911,0.029131057,0.243769019,18479.247,538.32,12926.059,10.283
2020,4911,0.027499871,0.252035293,20020.421,550.559,14267.628,59.968
2010,3845,0.07780013,0.406414647,59462.266,4626.172,36985.802,7323.94
2011,3845,0.078445467,0.388287972,60276.893,4728.449,35750.748,8097.359
2012,3845,0.088687811,0.496516469,67234.944,5962.92,40421.712,15173.984
2013,3845,0.059972528,0.284107202,42953,2576,17686,8098
2014,3845,0.05533616,0.279936267,41275,2284,19636,4460
2015,3845,0.107232041,0.572779073,41247,4423,19921,6125
2016,3845,0.026582615,0.172626387,52666,1400,31949,18775
2017,3845,0.006255738,0.047167013,76250,477,45152,9610
2018,3845,0.035252259,0.208139228,67173,2368,36451,4086
2019,3845,0.05431084,0.308561386,67887,3687,36586,4140
2020,3845,0.061958979,0.333061648,72548,4495,39545,7148
2010,3674,0.094883159,0.140765093,4964,471,3951,1789
2011,3674,0.099111829,0.145180367,4954,491,3364,1765
2012,3674,-0.29575,-0.390815989,4000,-1183,3462,1002
2013,3674,-0.019137653,-0.026084224,4337,-83,3793,1097
2014,3674,-0.106981683,-0.113457207,3767,-403,3580,1040
2015,3674,-0.212286909,-0.237068966,3109,-660,3521,785
2016,3674,-0.149653719,-0.173594132,3321,-497,2905,1264
2017,3674,0.012146893,0.012540099,3540,43,2929,1187
2018,3674,0.073968393,0.086654667,4556,337,3290,1161
2019,3674,0.056569343,0.091642032,6028,341,3201,1507
2020,3674,0.277839768,0.478938257,8962,2490,3125,2290
2010,2810,0.076196329,0.182206091,13505.9,1029.1,7808.3,374.3
2011,2810,0.085664103,0.189889714,14290.7,1224.2,8352,422.5
2012,2810,0.068900589,0.18783188,16941.8,1167.3,9926,454.4
2013,2810,0.055697167,0.151437145,17850.1,994.2,10275.4,450.4
2014,2810,0.055778976,0.148509217,17779.1,991.7,9970.5,336.6
2015,2810,0.073282066,0.212710355,17438.1,1277.9,10057,206.4
2016,2810,0.034953725,0.115231522,18055.3,631.1,10841.9,1501.3
2017,2810,0.162471842,0.613880023,18467.2,3000.4,8281.7,3677.6
2018,2810,0.078098684,0.285681588,19178.3,1497.8,8002,2976
2019,2810,0.092911291,0.359719582,18942.8,1760,7554.5,2414.7
2020,2810,0.074962751,0.403736278,25168.5,1886.7,12725.4,6357.9
2021,2810,0.078151993,0.357915018,26859.2,2099.1,12771.2,5800.8
2010,4512,0.050053821,0.090895928,5016.6,251.1,3911.2,1208.2
2011,4512,0.047064485,0.077068558,5195,244.5,4021.8,1140.9
2012,4512,0.057402361,0.091727141,5505,316,4084,1252
2013,4512,0.087016101,0.141464773,5838,508,3809,1330
2014,4512,0.097880602,0.166437414,6181,605,4054,1217
2015,4512,0.129802541,0.250813369,6533,848,4122,1328
2016,4512,0.0817105,0.231776765,9962,814,7031,1580
2017,4512,0.096275605,0.196540582,10740,1034,7019,1621
2018,4512,0.040047654,0.070563539,10912,437,7161,1236
2019,4512,0.059185715,0.120551811,12993,769,8662,1521
2020,4512,-0.094261712,-0.304928604,14046,-1324,11058,3346
2010,9997,0.053443992,0.084355444,37834,2022,27047,2650
2011,9997,0.051924236,0.076669139,39808,2067,28906,3698
2012,9997,0.069911356,0.108631892,41853,2926,28638,4634
2013,9997,0.086365137,0.146379677,45435,3924,27689,6422
2014,9997,0.093265275,0.154100625,45451,4239,27448,6959
2015,9997,0.096682618,0.187857058,49316,4768,30608,5455
2016,9997,0.088815425,0.18786624,54146,4809,34596,7843
2017,9997,0.027868052,0.064457081,59387,1655,41943,10817
2018,9997,0.117096221,0.249456101,57773,6765,39408,10910
2019,9997,0.104688219,0.267377584,58679,6143,39966,10416
2020,9997,0.073994364,0.229109737,64586,4779,46789,15220
2010,3674,0.087780969,0.241526415,1564.052,137.294,247.456,459.385
2011,3674,0.119861573,0.308586238,1890.389,226.585,281.294,410.799
2012,3674,0.094577202,0.244140474,2136.646,202.078,231.171,307.11
2013,3674,0.119197634,0.292798484,2333.1,278.1,232,511.1
2014,3674,0.153910821,0.391296914,2973.8,457.7,441.4,805.8
2015,3674,0.214631392,0.5179058,3719.4,798.3,560.2,1043.6
2016,3674,0.258131452,0.706818182,3855.4,995.2,314,1086.1
2017,3674,0.220876334,0.638397371,4573.6,1010.2,507.9,1616.8
2018,3674,0.190188242,0.563746854,4828.9,918.4,731.9,1027.4
2019,3674,0.176378213,0.630894309,4839.6,853.6,717.3,1054.6
2020,3674,0.159555094,0.593790993,5106.7,814.8,942.5,974.8
2021,3674,0.174409536,0.687829959,8590.7,1498.3,3293.6,1020.1
2010,1311,0.060035032,0.08318979,35396,2125,18587,1608
2011,1311,0.043514922,0.058128819,39136,1703,20544,351
2012,1311,0.046614949,0.072750135,43441,2025,22238,642
2013,1311,0.118164382,0.364633706,42754,5052,17970,1814
2014,1311,0.060060138,0.575223436,38578,2317,16258,2444
2015,1311,-0.089369791,-0.880945517,34195,-3056,13794,2716
2016,1311,-0.214248279,-2.129166667,28621,-6132,13030,2732
2017,1311,-0.176272066,-0.579186807,23112,-4074,10758,4847
2018,1311,-0.013157281,-0.092247301,21433,-282,10545,2694
2019,1311,-0.018731062,-0.131358661,21782,-408,12076,1545
2020,1311,-0.164337708,-0.708915884,18821,-3093,12486,1739
2010,4911,0.024061044,0.123499491,50455,1214,36773,710
2011,4911,0.037263275,0.183740912,52223,1946,37558,515
2012,4911,0.02315743,0.123905127,54367,1259,39130,603
2013,4911,0.026234623,0.14091212,56414,1480,40328,471
2014,4911,0.027400936,0.138427652,59633,1634,42809,549
2015,4911,0.033187372,0.184257426,61683.1,2047.1,43778.2,563.2
2016,4911,0.009625368,0.055826152,63467.7,610.9,46047.6,542.2
2017,4911,0.029547761,0.191326964,64729.1,1912.6,46403.6,574.3
2018,4911,0.027961071,0.172223018,68802.8,1923.8,49634.6,603.2
2019,4911,0.025313503,0.183756433,75892.3,1921.1,55870.5,635.3
2020,4911,0.027243391,0.237900087,80757.2,2200.1,59937.5,639.1
2010,6141,0.027590756,0.176929786,147042,4057,130812,22955
2011,6141,0.032184013,0.20761464,153337,4935,134543,25866
2012,6141,0.029267337,0.183515539,153140,4482,134254,22568
2013,6141,0.034940505,0.213923596,153375,5359,133879,19991
2014,6141,0.036988617,0.232562735,159103,5885,138430,22849
2015,6141,0.032031715,0.211338518,161184,5163,140511,23102
2016,6141,0.034035483,0.219355885,158893,5408,138392,25830
2017,6141,0.015102755,0.105372617,181159,2736,162932,33552
2018,6141,0.036696323,0.209593895,188602,6921,166312,29707
2019,6141,0.034081111,0.186455172,198321,6759,175250,30539
2020,6141,0.016382135,0.098855359,191367,3135,168383,52668
2010,6321,0.023198963,0.138387059,101039,2344,89983,4714
2011,6321,0.016771703,0.103783555,117102,1964,103596,5040
2012,6321,0.021862175,0.138180416,131094,2866,115116,9793
2013,6321,0.026033123,0.168211356,121307,3158,106687,7923
2014,6321,0.024639508,0.165109383,119767,2951,101420,5422
2015,6321,0.021412389,0.15400985,118296,2533,100588,5114
2016,6321,0.020482364,0.147402849,129819,2659,109337,7348
2017,6321,0.033552694,0.26606565,137217,4604,112619,4765
2018,6321,0.020796832,0.167527252,140406,2920,116944,5530
2019,6321,0.021627566,0.187791292,152768,3304,123809,6401
2020,6321,0.028942491,0.270877034,165086,4778,131527,7405
2010,6331,0.011392318,0.119675986,683443,7786,569770,117077
2011,6331,0.032023866,0.313003412,555773,17798,441444,61624
2012,6331,0.006266484,0.070668037,548633,3438,449630,69084
2013,6331,0.01678277,0.176438601,541329,9085,440218,35401
2014,6331,0.014602943,0.157993033,515581,7529,408309,25001
2015,6331,0.004419018,0.045700491,496943,2196,406733,21208
2016,6331,-0.001703916,-0.0181717,498264,-849,421406,22357
2017,6331,-0.012209488,-0.142776683,498301,-6084,432593,21136
2018,6331,-1.22E-05,-0.000150101,491984,-6,434675,22564
2019,6331,0.006376366,0.088836999,525064,3348,457637,26770
2020,6331,-0.010135026,-0.16341792,586481,-5944,519282,31987
2010,3823,0.074348866,0.175329872,3818.915,283.932,2043.711,168.853
2011,3823,0.089006804,0.200437929,4319.49,384.464,2266.685,174.955
2012,3823,0.088463785,0.218391144,5190.056,459.132,2654.905,157.984
2013,3823,0.087956383,0.228535825,5877.902,516.999,2741.781,295.203
2014,3823,0.09102373,0.231730221,6420.963,584.46,3181.402,377.615
2015,3823,0.088657265,0.242879287,6664.53,590.859,3409.904,381.005
2016,3823,0.072128082,0.215959365,7100.674,512.158,3844.161,717.259
2017,3823,0.087412058,0.25702096,7796.064,681.47,3768.431,646.3
2018,3823,0.089806873,0.260455267,8662.288,777.933,4420.366,353.975
2019,3823,0.087489648,0.274573418,9844.559,861.297,4729.067,393.03
2020,3823,0.084232723,0.323423584,10357.483,872.439,4408.137,1212.822
2010,2836,0.10640206,3.090848363,43486,4627,19542,17422
2011,2836,0.075361666,2.247101891,48871,3683,29842,20641
2012,2836,0.080021364,2.054373522,54298,4345,35238,24061
2013,2836,0.076839319,2.466504854,66125,5081,44029,19401
2014,2836,0.074743874,2.425011754,69009,5158,43231,27026
2015,2836,0.096945904,3.357039187,71576,6939,43493,31382
2016,2836,0.099476979,3.755836576,77626,7722,47751,38085
2017,2836,0.024751732,1.005589431,79954,1979,54713,41678
2018,2836,0.126385208,3.896935933,66416,8394,53916,29304
2019,2836,0.131341384,3.378716071,59707,7842,50034,8911
2020,2836,0.115396835,2.67157043,62948,7264,53539,10647
2010,3674,0.16449799,0.846539938,4328.831,712.084,1129.114,2687.768
2011,3674,0.164352783,0.976179436,5277.635,867.394,1482.222,3592.462
2012,3674,0.115871137,0.76588248,5620.347,651.236,1454.988,3900.378
2013,3674,0.105533278,0.810588281,6381.75,673.487,1642.174,4682.912
2014,3674,0.091741755,0.685059899,6859.69,629.32,2101.793,2866.468
2015,3674,0.09867749,0.668847921,7062.178,696.878,1989.219,3028.928
2016,3674,0.108109654,0.817076929,7970.278,861.664,2804.66,4055.793
2017,3674,0.034399928,0.5192923,21141.294,727.259,10979.754,1047.838
2018,3674,0.073127049,0.936119974,20449.779,1495.432,9461.239,816.591
2019,3674,0.063714013,0.854496099,21392.641,1363.011,9683.453,648.322
2020,3674,0.056862619,0.79730457,21468.603,1220.761,9470.658,1055.86
2021,3674,0.026574292,0.616471828,52322.071,1390.422,14329.529,1977.964
2010,1311,0.069821531,1.045517241,43425,3032,19048,134
2011,1311,0.088067472,1.172678434,52051,4584,23058,295
2012,1311,0.032945322,0.330252517,60737,2001,29406,160
2013,1311,0.036212016,0.416340235,61637,2232,26244,1906
2014,1311,-0.096564913,-0.640849247,55952,-5403,27815,769
2015,1311,-1.226992888,-0.828074071,18842,-23119,14614,1467
2016,1311,-0.062391758,-0.610338836,22519,-1405,14840,1377
2017,1311,0.059483624,0.753757225,21922,1304,13131,1668
2018,1311,0.001853396,0.016736402,21582,40,12770,714
2019,1311,-0.196222455,-0.746428571,18107,-3553,13087,247
2020,1311,-0.381296093,-0.773638968,12746,-4860,12783,262
2010,3663,0.18638522,0.362946463,75183,14013,27392,25620
2011,3663,0.222753091,0.414029932,116371,25922,39756,25952
2012,3663,0.237033124,0.493058919,176064,41733,57854,29129
2013,3663,0.178922705,0.370930104,207000,37037,83451,40546
2014,3663,0.17041999,0.378767544,231839,39510,120292,25077
2015,3663,0.183813632,0.412025712,290479,53394,171124,41601
2016,3663,0.142023588,0.37578963,321686,45687,193437,67155
2017,3663,0.128826412,0.367274854,375319,48351,241272,74181
2018,3663,0.162775309,0.389465696,365725,59531,258578,66301
2019,3663,0.163230098,0.370261668,338516,55256,248028,100580
2020,3663,0.177255718,0.362207655,323888,57411,258549,90979
2021,3663,0.269742053,0.469416997,351002,94680,287912,62639
2010,3559,0.085701949,0.169622094,10943.345,937.866,3407.232,2584.582
2011,3559,0.138951014,0.324953602,13861,1926,5061,6243
2012,3559,0.009006776,0.022091609,12102,109,4867,1937
2013,3559,0.021257162,0.061925496,12043,256,4955,1891
2014,3559,0.0813724,0.219762198,13174,1072,5306,3162
2015,3559,0.089952966,0.258542997,15308,1377,7695,4965
2016,3559,0.117973677,0.289292318,14588,1721,7371,3749
2017,3559,0.176837118,0.450774481,19419,3434,10070,7276
2018,3559,0.186406347,0.368192932,17773,3313,10934,4030
2019,3559,0.142241379,0.344318616,19024,2706,10810,3618
2020,3559,0.161902206,0.396385542,22353,3619,11775,5738
2021,3559,0.227996128,0.50055258,25825,5888,13578,5459
2010,2070,0.06117662,0.033870345,31548,1930,16917,3777
2011,2070,0.04825445,0.026949397,42193,2036,23355,4750
2012,2070,0.029432291,0.014460196,41553,1223,23384,4730
2013,2070,0.030672884,0.015775986,43752,1342,23558,7515
2014,2070,0.051059577,0.029752766,44027,2248,24397,6491
2015,2070,0.046044276,0.029438925,40157,1849,22242,6562
2016,2070,0.032160728,0.022142585,39769,1279,22564,5926
2017,2070,0.039911919,0.028281145,39963,1595,21588,5630
2018,2070,0.044326892,0.030564515,40833,1810,21788,6509
2019,2070,0.031343046,0.023169851,43997,1379,24714,5310
2020,2070,0.035640298,0.030025247,49719,1772,29623,6556
2009,7370,0.023700556,0.722291407,2447.2,58,973.7,1000.6
2010,7370,0.076051083,2.324561404,2787.6,212,1178.3,1274.3
2011,7370,0.088388376,2.511443662,3227.8,285.3,1344.9,1411.3
2012,7370,0.057422709,2.230838593,4308.4,247.4,2265.2,1954.3
2013,7370,0.049793254,1.56284153,4595,228.8,2333.5,2267.1
2014,7370,0.016646994,0.345293373,4913.8,81.8,2694.6,2026.4
2015,7370,-0.059924211,-1.267740698,5515.3,-330.5,3895.7,2250.9
2016,7370,-0.121318855,-2.548598949,4798.1,-582.1,4064.5,1899.9
2017,7370,-0.137811163,-2.583865087,4113.6,-566.9,4369.6,1323.2
2018,7370,-0.017085342,-0.382575758,4729.2,-80.8,4940.1,953.6
2019,7370,0.03471267,0.898994132,6179.3,214.5,6318.4,1843.7
2020,7370,0.165966098,4.783056215,7279.8,1208.2,6314.3,1857.2
2010,7374,0.045096828,0.256126181,26862.2,1211.4,21383.3,1671.2
2011,7374,0.036631492,0.231688619,34238.3,1254.2,28227.9,1425.7
2012,7374,0.045058493,0.234674734,30815.5,1388.5,24701.5,1578.5
2013,7374,0.043566247,0.221994126,32268.1,1405.8,26078.2,1727.1
2014,7374,0.047295463,0.220167896,32051.7,1515.9,25381.5,4015.8
2015,7374,0.043868259,0.236190383,33110.5,1452.5,28302,1665.9
2016,7374,0.03417678,0.227803471,43670,1492.5,39188.4,3214.6
2017,7374,0.04662184,0.249277363,37180,1733.4,33203,2783.6
2018,7374,0.043700642,0.217119893,37088.7,1620.8,33629.1,2173.3
2019,7374,0.054736832,0.29863499,41887.7,2292.8,36487.8,1959.7
2020,7374,0.062976344,0.311635312,39165.5,2466.5,33413.3,1908.5
2021,7374,0.053277974,0.319634422,48772.5,2598.5,43102.4,2585.6
2010,2670,0.062144566,0.0707224,5099.4,316.9,3453.7,127.5
2011,2670,0.038228729,0.044478241,4972.7,190.1,3314.2,178
2012,2670,0.042191448,0.050714572,5105.3,215.4,3524.4,253.1
2013,2670,0.046805188,0.050152223,4610.6,215.8,3118.4,369
2014,2670,0.057084537,0.055523334,4360.2,248.9,3293.7,244.1
2015,2670,0.066357017,0.066291266,4133.7,274.3,3168,176.4
2016,2670,0.072946047,0.076148641,4396.4,320.7,3470.9,227
2017,2670,0.054857988,0.060902077,5136.9,281.8,4090.7,265.1
2018,2670,0.090275229,0.092251214,5177.5,467.4,4222.4,281.1
2019,2670,0.055312637,0.060824618,5488.8,303.6,4284.8,305.2
2020,2670,0.091372311,0.114734474,6083.9,555.9,4599,297.7
2010,3411,0.067554888,0.074830911,6927.7,468,5269.6,152
2011,3411,0.060950498,0.062701237,7284.6,444,5906.6,165.8
2012,3411,0.053749118,0.056244773,7507.1,403.5,6217.1,174.1
2013,3411,0.052021791,0.059167467,7819.8,406.8,6428.5,416
2014,3411,0.062078986,0.068081408,7571,470,6331.4,191.4
2015,3411,0.028730694,0.043480953,9777,280.9,8515.7,224
2016,3411,0.016261671,0.036466999,16173,263,12632,597
2017,3411,0.021783447,0.042904669,17169,374,13123,458
2018,3411,0.027425396,0.048665452,16554,454,12992,728
2019,3411,0.032603687,0.061501684,17360,566,14341,1806
2020,3411,0.032051282,0.062748042,18252,585,14915,1381
2010,6020,0.010183654,4.067851373,247259,2518,214102,77593
2011,6020,0.007735207,4.158677686,325266,2516,291065,135249
2012,6020,0.006810775,5.385462555,358990,2445,321548,145340
2013,6020,0.00563971,6.853896104,374310,2111,335776,155280
2014,6020,0.006662289,8.388888889,385303,2567,346600,143449
2015,6020,0.008019706,6.865217391,393780,3158,354805,159259
2016,6020,0.010636671,8.32629108,333469,3547,293889,103750
2017,6020,0.011001781,3.895238095,371758,4090,330012,137006
2018,6020,0.011756179,1.518149466,362873,4266,322005,134795
2019,6020,0.011640647,1.024452134,381508,4441,339780,144865
2020,6020,0.007701759,2.463896458,469633,3617,423513,196234
2010,2834,0.081193893,0.248817242,17489,1420,10693,2685
2011,2834,0.116604624,0.364649943,19073,2224,12245,2905
2012,2834,0.114075527,0.378457533,20390,2326,13412,3270
2013,2834,0.077776489,0.302601895,25869,2012,17383,2733
2014,2834,0.096346028,0.334628786,25917,2497,17761,2925
2015,2834,0.046150179,0.191417837,20975,968,12110,7361
2016,2834,0.319374759,0.970484754,15546,4965,7266,2801
2017,2834,0.041902869,0.136701621,17111,717,7995,3394
2018,2834,0.103829678,0.294149611,15641,1624,7825,1832
2019,2834,0.055021162,0.176948913,18193,1001,10281,3335
2020,2834,0.055047705,0.180065359,20019,1102,11293,3736
2010,3841,0.136530078,0.422961472,9650.694,1317.61,4216.114,1744.195
2011,3841,0.121854444,0.383927412,10430.428,1270.994,5602.253,1563.313
2012,3841,0.102978292,0.35163513,11360.909,1169.927,7225.02,2180.731
2013,3841,0.106428513,0.373160173,12149,1293,7106,2608
2014,3841,0.095203664,0.325013714,12447,1185,7394,2745
2015,3841,0.025913497,0.146039084,26820,695,19656,1444
2016,3841,0.038145861,0.179345829,25586,976,17953,1568
2017,3841,0.029151428,0.21105142,37734,1100,24786,14199
2018,3841,0.005769516,0.048814943,53904,311,32910,1253
2019,3841,0.023819183,0.179423749,51765,1233,30684,620
2020,3841,0.016181589,0.120684894,54012,874,30247,2937
2021,3841,0.038837114,0.243766022,53866,2092,30189,2403
2010,4812,0.0115861,0.060678918,220005,2549,133093,7213
2011,4812,0.010431266,0.05240327,230461,2404,144553,13954
2012,4812,0.003885056,0.019056538,225222,875,139689,3563
2013,4812,0.041944852,0.256132065,274098,11497,178682,54129
2014,4812,0.041360847,0.192766017,232708,9625,219032,11153
2015,4812,0.073082897,0.340183039,244640,17879,226798,5070
2016,4812,0.053759522,0.255269913,244180,13127,220148,2880
2017,4812,0.117059379,0.58579352,257143,30101,212456,2079
2018,4812,0.058634062,0.28127887,264829,15528,210119,3792
2019,4812,0.066037768,0.352026459,291727,19265,228892,3815
2020,4812,0.056246663,0.347668991,316481,17801,247209,23366
2010,9997,0.034836082,0.117564394,372229,12967,209295,45458
2011,9997,0.02611506,0.084724896,392647,10254,223686,44362
2012,9997,0.034679917,0.112017047,427452,14824,235864,52986
2013,9997,0.040162415,0.135207748,484931,19476,260446,56685
2014,9997,0.037766113,0.127429542,526186,19872,283159,70854
2015,9997,0.04360832,0.146329163,552257,24083,293630,78651
2016,9997,0.038775622,0.134979507,620854,24074,334495,94943
2017,9997,0.064008432,0.217463889,702095,44940,350141,122129
2018,9997,0.005681031,0.019559105,707794,4021,355294,118849
2019,9997,0.09956477,0.38462665,817729,81417,389166,135215
2020,9997,0.04866612,0.206769952,873729,42521,422393,149144
2009,5731,0.071959349,0.035993441,18302,1317,11338,2398
2010,5731,0.071544624,0.034872607,17849,1277,10557,1613
2011,5731,-0.076913465,-0.033115433,16005,-1231,11639,1658
2012,5731,-0.026270328,-0.013188193,16787,-441,13072,2189
2013,5731,0.037964747,0.016486922,14013,532,10024,3209
2014,5731,0.080820661,0.040246769,15256,1233,10256,4072
2015,5731,0.066351061,0.030134041,13519,897,9141,3466
2016,5731,0.088625866,0.04163841,13856,1228,9147,4114
2017,5731,0.076634225,0.031653583,13049,1000,9437,3332
2018,5731,0.113479575,0.04553938,12901,1464,9595,2184
2019,5731,0.098839074,0.046910198,15591,1541,12112,2355
2020,5731,0.094299051,0.050044534,19067,1798,14480,5625
2010,3826,0.060562942,0.254993608,3062.764,185.49,1522.245,1031.609
2011,3826,0.057550642,0.230072033,3096.803,178.223,1352.421,813.115
2012,3826,0.047654865,0.20981766,3436.753,163.778,1425.483,921.073
2013,3826,0.022955096,0.096387005,3388.79,77.79,1202.068,608.92
2014,3826,0.026590125,0.106177399,3341.278,88.845,1156.123,697.635
2015,3826,0.030470624,0.147655835,3711.542,113.093,1221.039,790.477
2016,3826,0.007304239,0.03582401,3850.504,28.125,1263.745,844
2017,3826,0.028609562,0.148654137,4273.012,122.249,1342.762,760.538
2018,3826,0.065159431,0.39361922,5611.068,365.614,1590.737,850.467
2019,3826,0.219591205,1.892792606,8008.859,1758.675,2253.802,1120.298
2020,3826,0.293407776,3.916529042,12972.618,3806.267,3092.678,1000.672
2010,3721,0.048231605,0.065654159,68565,3307,65703,10517
2011,3721,0.050233791,0.07383722,79986,4018,76378,11272
2012,3721,0.04387149,0.058126537,88896,3900,82929,13558
2013,3721,0.049480375,0.064356297,92663,4585,77666,15258
2014,3721,0.0549003,0.072897146,99198,5446,90408,13092
2015,3721,0.054825862,0.064343697,94408,5176,88011,12052
2016,3721,0.054390702,0.061889168,89997,4895,89120,10029
2017,3721,0.088776494,0.110459789,92333,8197,91921,9992
2018,3721,0.08912823,0.131418592,117359,10460,116949,8564
2019,3721,-0.004759588,-0.009106529,133625,-636,141925,10030
2020,3721,-0.078042015,-0.201459235,152136,-11873,170211,25590
2010,7363,0.051860149,0.034312414,1273.984,66.069,439.613,315.137
2011,7363,0.114284103,0.067045837,1311.836,149.922,511.331,279.336
2012,7363,0.151991897,0.08697475,1381.271,209.942,539.26,287.635
2013,7363,0.16922761,0.101866883,1490.271,252.195,570.628,275.764
2014,7363,0.185718527,0.112350687,1647.267,305.928,667.409,287.119
2015,7363,0.21010241,0.122231943,1702.96,357.796,699.179,224.577
2016,7363,0.193135321,0.113455328,1777.971,343.389,691.372,260.201
2017,7363,0.155604368,0.095616817,1867.454,290.584,762.189,294.753
2018,7363,0.228200664,0.130573152,1903.097,434.288,839.899,276.579
2019,7363,0.196604407,0.130597368,2311.408,454.433,1167.725,270.478
2020,7363,0.119759571,0.10094433,2557.424,306.276,1352.135,981.06
2010,2834,0.099819797,0.701809955,31076,3102,15438,7301
2011,2834,0.112496209,0.785472258,32970,3709,17103,8733
2012,2834,0.054600663,0.564191134,35897,1960,22259,2829
2013,2834,0.066412728,0.783312958,38592,2563,23356,4525
2014,2834,0.059379537,0.678861789,33749,2004,18766,7435
2015,2834,0.049294444,0.498090388,31748,1565,17324,4270
2016,2834,0.132227727,1.036752733,33707,4457,17360,6350
2017,2834,0.030014009,0.199603568,33551,1007,21704,6812
2018,2834,0.14062768,0.847837326,34986,4920,20859,8884
2019,2834,0.026465247,0.515592204,129944,3439,78246,15393
2020,2834,-0.076088149,-1.173980987,118481,-9015,80599,16539
2009,2085,0.132722436,0.558457711,3383,449,1488,232
2010,2085,0.154094828,0.705302096,3712,572,1652,567
2011,2085,0.147540984,0.581632653,3477,513,1408,338
2012,2085,0.16298952,0.701067616,3626,591,1998,204
2013,2085,0.160614185,0.763615295,4103,659,2071,437
2014,2085,0.163129025,0.76,4193,684,2288,370
2015,2085,0.255080086,1.200224972,4183,1067,2621,263
2016,2085,0.144648649,0.731147541,4625,669,3255,182
2017,2085,0.14409164,0.730142566,4976,717,3660,239
2018,2085,0.162482973,0.768876611,5139,835,3492,307
2019,2085,0.143426986,0.711703959,5766,827,3791,675
2020,2085,0.138454462,0.7,6522,903,3866,1150
2010,6324,0.029442669,0.071470323,45682,1345,39019,2568
2011,6324,0.025995651,0.068247274,51047,1327,42703,5882
2012,6324,0.03020434,0.063497653,53734,1623,43851,4273
2013,6324,0.027164311,0.052004792,54336,1476,43659,4599
2014,6324,0.037605553,0.068342166,55896,2102,45017,2749
2015,6324,0.036680213,0.062421749,57088,2094,44975,3752
2016,6324,0.031452156,0.052594512,59360,1867,45575,5450
2017,6324,0.036224961,0.060985251,61753,2237,47969,4693
2018,6324,0.017209873,0.084712005,153226,2637,112154,5868
2019,6324,0.032765417,0.039931466,155774,5104,110395,5556
2020,6324,0.054409428,0.062465842,155451,8458,105065,11513
2010,4011,0.055541736,0.237249545,28141,1563,19441,1346
2011,4011,0.061819292,0.247924888,29473,1822,21005,1306
2012,4011,0.060809264,0.256767956,30571,1859,21569,1371
2013,4011,0.05864955,0.250234931,31782,1864,21278,1079
2014,4011,0.058300306,0.244978388,33053,1927,21877,961
2015,4011,0.056165986,0.281504792,35039,1968,23371,1438
2016,4011,0.048398938,0.268694153,35414,1714,23720,1020
2017,4011,0.153082067,0.855779759,35739,5471,21018,419
2018,4011,0.090092298,0.538398959,36729,3309,24149,1111
2019,4011,0.087069033,0.582954148,38257,3331,26394,1954
2020,4011,0.069484583,0.559943297,39793,2765,26683,3131
2010,2030,0.134480561,0.197426901,6276,844,5347,254
2011,2030,0.117312737,0.185014939,6862,805,5766,484
2012,2030,0.118529862,0.173659412,6530,774,5632,335
2013,2030,0.055028235,0.098135847,8323,458,7113,333
2014,2030,0.100825835,0.161532385,8113,818,6510,232
2015,2030,0.085424651,0.138449209,8089,691,6713,253
2016,2030,0.071838714,0.115062334,7837,563,6304,296
2017,2030,0.114807145,0.195892226,7726,887,6081,319
2018,2030,0.017964072,0.048235077,14529,261,13156,226
2019,2030,0.016048068,0.041527258,13148,211,12036,31
2020,2030,0.131587456,0.301091178,12372,1628,9803,859
2021,2030,0.085392875,0.186003341,11734,1002,8580,69
2009,2082,0.012267892,0.048724239,8094.3,99.3,5518,43.5
2010,2082,0.078059602,0.27770884,7167.6,559.5,4615.7,9.2
2011,2082,0.062588785,0.299300511,7109.9,445,4433.9,85.8
2012,2082,0.050771789,0.247858878,7638.1,387.8,4777.8,331.5
2013,2082,0.135861167,0.718681806,14302.1,1943.1,9320.8,63.9
2014,2082,0.055419459,0.261309505,15144.5,839.3,9263.2,110.1
2015,2082,0.062180961,0.313333531,16965,1054.9,10273.2,83.1
2016,2082,0.08252161,0.432776071,18602.4,1535.1,11717.6,177.4
2017,2082,0.112903933,0.668637006,20538.7,2318.9,12476,90.3
2018,2082,0.117541009,0.929802722,29231.5,3435.9,16394.3,93.6
2019,2082,-0.000431867,-0.00315213,27323.2,-11.8,14848.9,81.4
2020,2082,0.073713881,0.53393907,27104.8,1998,13175.7,460.6
2010,5122,0.032125742,0.006797386,19990.2,642.2,14714.1,2755.3
2011,5122,0.041976897,0.009768689,22845.9,959,16997.3,2022.5
2012,5122,0.044064303,0.010401969,24260,1069,18016,2346
2013,5122,0.01293621,0.003482468,25819,334,19844,1901
2014,5122,0.044789306,0.013612431,26033,1166,19632,2958
2015,5122,0.040309203,0.012573605,30142,1215,23886,4707
2016,5122,0.041820526,0.012441802,34122,1427,27434,2469
2017,5122,0.032110092,0.010460489,40112,1288,33166,6944
2018,5122,0.00640785,0.001981332,39951,256,33880,1763
2019,5122,0.03327393,0.009858238,40963,1363,34633,2531
2020,5122,-0.090663788,-0.025383569,40766,-3696,38974,2771
2021,5122,0.013744854,0.003933409,44453,611,42659,3407
2010,3531,0.042174321,0.093818409,64020,2700,52695,3667
2011,3531,0.060506348,0.120692611,81446,4928,68044,3127
2012,3531,0.063577152,0.128392885,89356,5681,71774,5652
2013,3531,0.044631078,0.100648143,84896,3789,64018,6322
2014,3531,0.043634345,0.100936979,84681,3695,67855,7476
2015,3531,0.026778093,0.068576276,78497,2102,63612,6636
2016,3531,-0.000896873,-0.002565379,74704,-67,61491,7388
2017,3531,0.009797043,0.026017046,76962,754,63196,8599
2018,3531,0.078296756,0.175378031,78509,6147,64429,8029
2019,3531,0.077664334,0.175368409,78453,6093,63824,8372
2020,3531,0.038276901,0.109560006,78324,2998,62946,9502
2010,4813,0.04300303,0.400607778,22038.098,947.705,12390.939,172.943
2011,4813,0.010206808,0.0915628,56139,573,35312,128
2012,4813,0.014383562,0.102169625,54020,777,34731,211
2013,4813,-0.004615058,-0.031900694,51787,-239,34596,168
2014,4813,0.015394739,0.099025141,50147,772,35124,128
2015,4813,0.018443828,0.113086038,47604,878,33544,126
2016,4813,0.013314333,0.080597399,47017,626,33618,222
2017,4813,0.018370343,0.169328295,75611,1389,52120,556
2018,4813,-0.024666932,-0.159547045,70256,-1733,50428,492
2019,4813,-0.081384573,-0.522873871,64742,-5269,51272,1693
2020,4813,-0.020742836,-0.143942049,59394,-1232,48232,409
2010,6020,0.008202663,0.590414684,2117605,17370,1941499,271794
2011,6020,0.008374996,0.896024176,2265792,18976,2082219,380195
2012,6020,0.009021928,1.464025313,2359141,21284,2155072,471833
2013,6020,0.007419415,1.810038376,2415689,17923,2204511,603938
2014,6020,0.008457417,1.971910112,2573126,21762,2341061,728111
2015,6020,0.010393341,2.164924712,2351698,24442,2104125,573080
2016,6020,0.009929056,1.629422228,2490972,24733,2236782,619602
2017,6020,0.009646748,1.249220547,2533600,24441,2277907,628543
2018,6020,0.01238269,1.191531518,2622532,32474,2366017,600381
2019,6020,0.013556331,1.125108091,2687379,36431,2426049,512788
2020,6020,0.008603186,1.061625364,3386071,29131,3106717,823893
2010,2911,0.102960995,0.131142117,184769,19024,78958,17070
2011,2911,0.128393023,0.150154928,209474,26895,87293,20071
2012,2911,0.112364904,0.15610428,232982,26179,95150,21913
2013,2911,0.084424618,0.130712534,253753,21423,103326,16516
2014,2911,0.072327517,0.128866117,266026,19241,109835,13215
2015,2911,0.017237686,0.047173401,266103,4587,112217,11332
2016,2911,-0.001910965,-0.00589778,260078,-497,113356,7001
2017,2911,0.036228458,0.091634776,253806,9195,104487,4822
2018,2911,0.058393701,0.123544658,253863,14824,98221,10686
2019,2911,0.012315312,0.027680482,237428,2924,92220,6201
2020,2911,-0.02311606,-0.07448767,239790,-5543,107064,5992
2010,2840,0.091918223,0.198961672,2945.194,270.717,1074.335,189.202
2011,2840,0.099307159,0.212389381,3117.6,309.6,1076.8,251.4
2012,2840,0.085356629,0.22633452,4098.1,349.8,2037,343
2013,2840,0.09258868,0.236493374,4259.7,394.4,1959.7,496.9
2014,2840,0.094469678,0.235719574,4381.3,413.9,2279.4,423
2015,2840,0.096408184,0.22994173,4256.9,410.4,2233.7,330
2016,2840,0.105417882,0.256152687,4354.1,459,2376.2,187.8
2017,2840,0.123595132,0.386503067,6014.8,743.4,3796.8,278.9
2018,2840,0.093686153,0.262088039,6069.2,568.6,3615.4,316.7
2019,2840,0.092513594,0.277494931,6657.4,615.9,3989.6,155.7
2020,2840,0.10599501,0.312422978,7414.5,785.9,4394.1,183.1
2009,7200,0.054315955,0.113635944,3969.736,215.62,1435.707,566.087
2010,7200,0.05675377,0.120470039,4351.94,246.989,2049.291,525.326
2011,7200,0.071531777,0.134826172,4160.906,297.637,2021.771,339.825
2012,7200,0.072588291,0.134894953,4345.632,315.442,2144.14,357.953
2013,7200,0.083909474,0.153048112,4462.452,374.442,2269.594,513.288
2014,7200,0.102712489,0.179389261,4192.46,430.618,2260.005,433.154
2015,7200,0.168970174,0.26568502,4104.393,693.52,2261.734,209.762
2016,7200,0.070237288,0.174884246,6844.057,480.708,4541.264,191.485
2017,7200,0.12109228,0.254232578,6958.214,842.586,3941.688,138.724
2018,7200,0.11900245,0.248472633,7436.662,884.981,4433.941,96.645
2019,7200,0.114217749,0.240870209,7669.885,876.037,4434.683,145.402
2020,7200,0.134878217,0.310312995,8236.823,1110.968,4548.976,493.64
2010,2842,0.132381998,0.209812109,4555,603,4472,87
2011,2842,0.133797742,0.2,4163,557,4249,259
2012,2842,0.124225029,0.180453636,4355,541,4490,267
2013,2842,0.132683832,0.188157895,4311,572,4165,312
2014,2842,0.13104744,0.182233834,4258,558,4104,338
2015,2842,0.139289145,0.191482337,4164,580,4046,382
2016,2842,0.143426295,0.215568862,4518,648,4221,401
2017,2842,0.153291056,0.222610352,4573,701,4031,420
2018,2842,0.162648221,0.249848209,5060,823,4334,131
2019,2842,0.16028147,0.246764971,5116,820,4557,111
2020,2842,0.151134718,0.26897737,6213,939,5305,871
2021,2842,0.112093464,0.179202423,6334,710,5742,319
2010,2086,0.161942376,1.060815667,72921,11809,41604,11337
2011,2086,0.107184835,0.525180738,79974,8572,48053,14035
2012,2086,0.104660338,0.525674652,86174,9019,53006,16551
2013,2086,0.095319527,0.519832859,90055,8584,56615,20268
2014,2086,0.077132891,0.444041289,92023,7098,61462,21675
2015,2086,0.081593465,0.472034932,90093,7351,64329,19900
2016,2086,0.074790879,0.443139385,87270,6527,64050,22201
2017,2086,0.014198598,0.103697549,87896,1248,68919,20675
2018,2086,0.077316862,0.601083707,83216,6434,64158,15964
2019,2086,0.103263449,0.672040985,86381,8920,65283,11175
2020,2086,0.088744043,0.650407187,87296,7747,66012,10914
2010,2844,0.197189402,0.366799867,11172,2203,8355,564
2011,2844,0.191056272,0.362457134,12724,2431,10183,950
2012,2844,0.184560251,0.366113744,13394,2472,11004,1000
2013,2844,0.161501874,0.331263858,13876,2241,11340,1135
2014,2844,0.161973401,0.323970872,13459,2180,12074,1289
2015,2844,0.115738418,0.223261816,11958,1384,12002,1072
2016,2844,0.2013528,0.434650997,12123,2441,12106,1386
2017,2844,0.159671821,0.357660364,12676,2024,12433,1553
2018,2844,0.197352191,0.411663808,12161,2400,11964,736
2019,2844,0.157443129,0.401186441,15034,2367,14476,906
2020,2844,0.16928392,0.44924154,15920,2695,14819,925
2010,6411,0.024359948,0.105200417,28982,706,20676,1131
2011,6411,0.033128045,0.109556849,29552,979,21432,1057
2012,6411,0.032572328,0.108869641,30486,993,22681,637
2013,6411,0.036792172,0.11899289,30251,1113,22056,1000
2014,6411,0.046923284,0.147830688,29772,1397,23141,768
2015,6411,0.0509866,0.15194734,27164,1385,21001,740
2016,6411,0.052451625,0.155647229,26615,1396,21083,721
2017,6411,0.046994787,0.163444874,26088,1226,21440,1285
2018,6411,0.04291878,0.14339909,26422,1134,22203,828
2019,6411,0.052099983,0.195682718,29405,1532,25956,928
2020,6411,0.061312823,0.254590122,32114,1969,28531,1192
2010,4841,0.030666307,0.239617666,118534,3635,73957,6065
2011,4841,0.026359477,0.111438521,157818,4160,94149,1674
2012,4841,0.037600548,0.145634259,164971,6203,98177,12415
2013,4841,0.042918401,0.157964263,158813,6816,106798,5291
2014,4841,0.052592272,0.183711498,159339,8380,105205,4512
2015,4841,0.049005247,0.164397632,166574,8163,111375,2401
2016,4841,0.048171745,0.161242466,180500,8695,122880,3398
2017,4841,0.121498377,0.402274015,186949,22714,116143,3447
2018,4841,0.046610035,0.182418984,251684,11731,177866,3954
2019,4841,0.04956836,0.17482995,263414,13057,178168,7251
2020,4841,0.038463645,0.144821139,273869,10534,180851,12046
2010,6020,0.005161459,0.403202329,53667,277,47874,2083
2011,6020,0.006441778,1.27184466,61008,393,54140,3556
2012,6020,0.007971358,2.434579439,65359,521,58417,4534
2013,6020,0.008294111,3.424050633,65227,541,58074,6451
2014,6020,0.008570603,4.860655738,69190,593,61788,6071
2015,6020,0.007248494,2.152892562,71877,521,64317,6147
2016,6020,0.006536216,1.325,72978,477,65182,7218
2017,6020,0.01038188,3.81025641,71567,743,63604,5845
2018,6020,0.017439069,4.642857143,70818,1235,63311,4561
2019,6020,0.016321081,2.210332103,73402,1198,66075,5818
2020,6020,0.005378479,0.659248957,88129,474,80079,15767
2010,6199,0.005539469,0.133992215,1913902,10602,1748113,400941
2011,6199,0.005905934,0.161068258,1873878,11067,1694305,391754
2012,6199,0.004044169,0.113714846,1864660,7541,1673663,322843
2013,6199,0.007271395,0.232328553,1880382,13673,1674249,391781
2014,6199,0.003968999,0.12358886,1842530,7313,1630485,330565
2015,6199,0.009959508,0.327782214,1731210,17242,1508118,287883
2016,6199,0.008321071,0.301416934,1792077,14912,1565934,335541
2017,6199,-0.003689622,-0.13257923,1842465,-6798,1640793,355123
2018,6199,0.009411265,0.326482242,1917383,18045,1720309,437230
2019,6199,0.009943326,0.328201918,1951158,19401,1757212,456079
2020,6199,0.004887858,0.174603676,2260090,11047,2059890,605047
2009,7370,0.049650562,0.063843088,16455,817,9947,2784
2010,7370,0.045905707,0.057253385,16120,740,8560,1837
2011,7370,-0.379122352,-0.320150943,11189,-4242,8355,1093
2012,7370,0.08541463,0.081179253,11251,961,8091,2054
2013,7370,0.083150408,0.102135462,11389,947,7445,2443
2014,7370,-0.000784237,-0.000839102,10201,-8,7252,2098
2015,7370,0.032445708,0.048408872,7736,251,5704,1178
2016,7370,-0.014198315,-0.022182146,8663,-123,6497,1263
2017,7370,0.05161994,0.097581364,33921,1751,20084,2648
2018,7370,0.04250355,0.08410277,29574,1257,17849,2899
2019,7370,-0.206452357,-0.360311388,26006,-5369,20877,3679
2020,7370,-0.006761049,-0.01072251,22038,-149,16730,2968
2009,2000,0.061833362,0.083694649,11738,725.8,6809.1,953.2
2010,2000,0.071612015,0.0907173,11408.7,817,6700.2,972.4
2011,2000,0.040893558,0.04658549,11441.9,467.9,6905.9,103
2012,2000,0.037926421,0.06759011,20405.3,773.9,15042.3,183.9
2013,2000,0.015650818,0.022660327,19366.4,303.1,14011.2,183.1
2014,2000,-0.014399562,-0.021227961,17542.2,-252.6,12932.2,183.1
2015,2000,-0.050557854,-0.083284126,13390.6,-677,9595.8,834.5
2016,2000,0.063320226,0.12296359,10096.3,639.3,6018.5,251.4
2017,2000,0.077809327,0.151857835,10389.5,808.4,6632.9,128
2018,2000,0.030535073,0.104519469,22213.8,678.3,14750.1,236.6
2019,2000,0.03766589,0.111084666,22304,840.1,14353.3,553.3
2020,2000,0.058516102,0.171329824,22195.6,1298.8,13564.2,79.2
2010,4931,0.027748575,0.096767969,36146,1003,24872,338
2011,4931,0.027082165,0.108201732,39214,1062,27565,648
2012,4931,0.027688126,0.128288734,41209,1141,29340,394
2013,4931,0.026127389,0.116883117,40647,1062,28402,674
2014,4931,0.024645662,0.112763321,44308,1092,31723,699
2015,4931,0.026138206,0.132673488,45642,1193,32581,944
2016,4931,0.025800435,0.148426323,48255,1245,33949,776
2017,4931,0.031697533,0.188667574,48111,1525,32686,844
2018,4931,0.025630564,0.165192446,53920,1382,37081,1006
2019,4931,0.023123676,0.163501339,58079,1343,39866,1217
2020,4931,0.017505366,0.143508863,62895,1101,43830,1436
2010,4931,0.021772541,0.068993506,15616,340,12779,270
2011,4931,0.025224897,0.08377069,16452,415,13380,188
2012,4931,0.022298757,0.082238967,17131,382,13893,122
2013,4931,0.025953147,0.094245204,17416,452,13925,204
2014,4931,0.024863174,0.08944309,19185,477,15478,244
2015,4931,0.025712881,0.115122166,20340,523,16365,285
2016,4931,0.025483304,0.128408296,21622,551,17332,254
2017,4931,0.019956616,0.105407883,23050,460,18572,199
2018,4931,0.026784622,0.137505232,24529,657,19737,174
2019,4931,0.025338153,0.147377547,26837,680,21782,157
2020,4931,0.02545001,0.17727166,29666,755,23589,185
2010,3851,0.044674137,0.288241442,2525.018,112.803,858.242,3.573
2011,3851,0.06684275,0.405795828,2624.518,175.43,687.03,5.175
2012,3851,0.084429303,0.572353425,2941.384,248.339,728.226,12.84
2013,3851,0.094397948,0.632521513,3137.261,296.151,713.767,77.393
2014,3851,0.060528358,0.529035015,4458.34,269.856,1869.9,25.222
2015,3851,0.045626719,0.394024285,4460.61,203.523,1786.706,16.426
2016,3851,0.061197949,0.466886204,4475.918,273.917,1775.883,100.817
2017,3851,0.076748925,0.586412958,4858.7,372.9,1682.9,88.8
2018,3851,0.022886402,0.197990376,6112.8,139.9,2805,80.2
2019,3851,0.074380429,0.636351241,6274.5,466.7,2645.9,89.5
2020,3851,0.035384045,0.363359244,6737.5,238.4,2912.7,116.8
2021,3851,0.306541609,3.804030487,9606.2,2944.7,2664.2,96.3
2010,2082,0.055734942,0.439592521,12697.6,707.7,4855,1217.6
2011,2082,0.054435841,0.361464458,12423.8,676.3,4733.6,1078.9
2012,2082,0.027325101,0.209565259,16212.2,443,8220.6,624
2013,2082,0.036411833,0.24957107,15580.1,567.3,6916.3,442.3
2014,2082,0.036723991,0.230741605,13996.3,514,6110.2,624.6
2015,2082,0.029284068,0.182682047,12276.3,359.5,5213.2,430.9
2016,2082,0.067341479,0.752093484,29341.5,1975.9,17719.8,560.9
2017,2082,0.046755205,0.250909284,30246.9,1414.2,16811.9,418.6
2018,2082,0.03708095,0.186793147,30109.8,1116.5,16374,1057.9
2019,2082,0.008374971,0.041893438,28859.8,241.7,15186.7,523.4
2020,2082,-0.034722349,-0.18013059,27331.1,-949,14709.8,770.1
2010,3679,0.137730809,1.299963464,25833,3558,6407,6350
2011,3679,0.100725366,0.829390893,27848,2805,6719,5825
2012,3679,0.058825532,0.475116855,29375,1728,7842,6144
2013,3679,0.068860173,0.556469921,28478,1961,7267,5235
2014,3679,0.082227323,0.549822064,30063,2472,8411,6068
2015,3679,0.046905104,0.312704344,28547,1339,9684,4600
2016,3679,0.132442023,0.840536852,27899,3695,9939,5291
2017,3679,-0.018076671,-0.100020125,27494,-497,11724,4317
2018,3679,0.03875659,0.192662209,27505,1066,13619,2355
2019,3679,0.033220292,0.168717047,28898,960,15901,2434
2020,3679,0.016636881,0.086340641,30775,512,17327,2672
2010,3510,0.099980773,0.106219998,10402,1040,5406,1362
2011,3510,0.158381899,0.14057508,11668,1848,5837,1761
2012,3510,0.131096589,0.132054267,12548,1645,5574,1616
2013,3510,0.100692558,0.118365392,14728,1483,6858,2849
2014,3510,0.104652637,0.118683057,15776,1651,7683,2394
2015,3510,0.092440862,0.102325922,15134,1399,7384,1811
2016,3510,0.092865232,0.111164274,15011,1394,7837,1380
2017,3510,0.05526971,0.067632523,18075,999,9911,1567
2018,3510,0.1123177,0.122721541,19062,2141,10803,1525
2019,3510,0.114505751,0.133396293,19737,2260,11272,1470
2020,3510,0.079075318,0.125367905,22624,1789,13635,3862
2010,3826,0.080703493,0.29313048,22217.13,1793,8444.364,1632.98
2011,3826,0.072531022,0.301241346,29949.447,2172.264,12977.679,537.001
2012,3826,0.072620746,0.300067735,32941,2392.2,13857.1,1678.7
2013,3826,0.077727978,0.327106774,34672.2,2695,12220.8,3115.2
2014,3826,0.070242784,0.306165973,36991.7,2598.4,13541.9,3005.6
2015,3826,0.069623534,0.392059322,48222.2,3357.4,24458.2,790.8
2016,3826,0.056378918,0.401569355,45295.3,2553.7,22218.5,963.7
2017,3826,0.053422825,0.363232229,46648.6,2492.1,20280.8,630.3
2018,3826,0.055420478,0.355281851,47832.5,2650.9,19605.8,787.8
2019,3826,0.048455581,0.446459579,62081.6,3008.2,31799.7,19912.3
2020,3826,0.047872271,0.481193084,76161,3646,36384,6035
2009,5331,0.055868682,0.056465889,44533,2488,29186,2200
2010,5331,0.066811578,0.062681121,43705,2920,28218,1712
2011,5331,0.062813639,0.06063429,46630,2929,30809,794
2012,5331,0.062267716,0.058763594,48163,2999,31605,784
2013,5331,0.044239445,0.038526192,44553,1971,28322,695
2014,5331,-0.039513091,-0.03190452,41404,-1636,27407,2210
2015,5331,0.083527892,0.064676808,40262,3363,27305,4046
2016,5331,0.07312121,0.056003438,37431,2737,26478,2512
2017,5331,0.075232698,0.057671895,38999,2934,27290,2643
2018,5331,0.071131024,0.055363909,41290,2937,29993,1556
2019,5331,0.07669651,0.060072871,42779,3281,30946,2577
2020,5331,0.085232594,0.066488066,51248,4368,36808,8511
2010,3523,0.043104644,0.108493941,43266.8,1865,36963.4,3799.6
2011,3523,0.058080295,0.128905872,48207.4,2799.9,41392.5,3856.2
2012,3523,0.054468256,0.123815757,56265.8,3064.7,49403.8,5465.2
2013,3523,0.059429146,0.140076665,59521.3,3537.3,49253.6,4520
2014,3523,0.051546879,0.129277986,61336.4,3161.7,52270.9,4510
2015,3523,0.033478522,0.098367804,57947.6,1940,51190,4212.2
2016,3523,0.026282566,0.085187856,57981.4,1523.9,51436.6,4370.8
2017,3523,0.032819903,0.110696964,65786.3,2159.1,56211.8,9359.9
2018,3523,0.033782165,0.094727664,70108,2368.4,58802.8,3927
2019,3523,0.04455493,0.12315905,73011,3253,61580,3982
2020,3523,0.036635549,0.120068087,75091,2751,62147,7190
2021,3523,0.070891885,0.208496503,84114,5963,65680,8153
2010,4512,0.013730666,0.024281386,43188,593,42291,4019
2011,4512,0.019632635,0.03042936,43499,854,44895,3920
2012,4512,0.022648709,0.034441562,44550,1009,46681,3749
2013,4512,0.201714767,0.361082563,52252,10540,40609,3925
2014,4512,0.01217642,0.02048365,54121,659,45308,3305
2015,4512,0.085180863,0.165411885,53134,4526,42284,3437
2016,4512,0.085308519,0.161430839,51261,4373,38974,3249
2017,4512,0.067120769,0.123947469,53292,3577,39382,2639
2018,4512,0.065293864,0.118591965,60266,3935,46579,1815
2019,4512,0.073870328,0.140024674,64532,4767,49174,3094
2020,4512,-0.172023446,-0.583262692,71996,-12385,70462,14288
2010,4931,0.02530527,0.103857567,24896,630,18129,185
2011,4931,0.027336691,0.109739157,26009,711,18956,215
2012,4931,0.023159573,0.093846154,26339,610,18928,187
2013,4931,0.025486794,0.089760999,25935,661,17981,175
2014,4931,0.032351469,0.094605896,27974,905,19632,168
2015,4931,0.025298396,0.089366933,28737,727,19942,60
2016,4931,0.027090291,0.105931169,32041,868,22542,113
2017,4931,0.033583084,0.114187896,33767,1134,23777,89
2018,4931,0.030864198,0.09737437,36288,1120,25571,76
2019,4931,0.027911752,0.120751988,41882,1169,30046,93
2020,4931,0.030068577,0.157422325,45496,1368,32907,516
2010,4888,0.057263821,0.133776668,69206,3963,29864,2722
2011,4888,0.066649104,0.1537207,72124,4807,32671,3185
2012,4888,0.075863174,0.180794196,74898,5682,32940,3387
2013,4888,0.075528366,0.183718075,81241,6136,33091,3931
2014,4888,0.089100325,0.283913702,84186,7501,36008,3421
2015,4888,0.095053412,0.295515442,88182,8382,39527,4269
2016,4888,0.102039486,0.31445888,92033,9391,44710,4610
2017,4888,0.093747716,0.296310962,95789,8980,49637,4043
2018,4888,0.127771354,0.384953859,98598,12598,44643,4151
2019,4888,0.056984081,0.263077729,193984,11054,91132,5444
2020,4888,-0.014209944,-0.065268915,201549,-2864,104037,17917
2021,4888,0.009798192,0.044204649,203609,1995,101385,15962
2009,5331,0.038296528,0.04316344,8863.519,339.442,5454.735,223.676
2010,5331,0.065770207,0.072876602,9546.222,627.857,5482.59,499.646
2011,5331,0.079133345,0.07787891,9688.52,766.685,5013.938,127.503
2012,5331,0.091887656,0.089513801,10367.682,952.662,5382.352,145.094
2013,5331,0.094328386,0.087309118,10867.524,1025.116,5465.331,506.187
2014,5331,0.094915817,0.083455793,11224.104,1065.345,5514.066,579.823
2015,5331,0.103490132,0.084974288,11257.885,1165.08,5880.009,157.947
2016,5331,0.107188233,0.084391408,11672.298,1251.133,6266.004,187.915
2017,5331,0.122950463,0.097123596,12516.911,1538.96,6391.137,267.441
2018,5331,0.120377721,0.091522337,13204.038,1589.472,6786.645,235.487
2019,5331,0.075029516,0.091287054,22825.084,1712.555,16122.584,240.32
2020,5331,0.10265973,0.119131376,25862.624,2655.05,19201.386,1376.577
2010,4911,0.065581428,0.270598439,42817,2808,30563,62
2011,4911,0.030867716,0.140113444,45614,1408,33854,102
2012,4911,0.006447756,0.034648922,46838,302,35956,248
2013,4911,0.03387496,0.197463347,50096,1697,38197,316
2014,4911,0.02411324,0.165885779,54327,1310,42370,318
2015,4911,0.032297566,0.289129111,58797,1899,45195,607
2016,4911,0.029646697,0.32812983,71610,2123,54770,261
2017,4911,0.039159104,0.457373799,76585,2999,57215,120
2018,4911,0.031406422,0.332744085,77914,2447,55866,391
2019,4911,0.013079953,0.16314272,103823,1358,69790,269
2020,4911,-0.004181221,-0.051324715,95905,-401,69444,237
2010,3585,0.081760209,0.169515229,8562.894,700.104,4036.332,1309.095
2011,3585,0.094221724,0.194920297,9501.45,895.243,4570.895,1206.755
2012,3585,0.077659367,0.17495971,10443.943,811.07,5524.713,800.076
2013,3585,0.092555184,0.202393995,10838.172,1003.129,5460.776,803.882
2014,3585,0.085280766,0.174147458,9090.385,775.235,5389.66,681.581
2015,3585,0.100911011,0.21531039,8619.763,869.829,4975.188,362.185
2016,3585,0.050305699,0.129695648,10115.991,508.892,6316.245,349.146
2017,3585,0.07615795,0.17917435,10657.653,811.665,6274.473,753.964
2018,3585,0.0681667,0.137976913,8365.771,570.267,5597.105,396.221
2019,3585,0.078195951,0.160102988,8669.477,677.918,5636.817,397.253
2020,3585,0.074677172,0.174715444,9152.074,683.451,5766.301,513.075
2010,2860,0.033195379,0.053394355,69588,2310,46946,7039
2011,2860,0.03961054,0.056389586,69224,2742,45786,5446
2012,2860,0.016981539,0.025881323,69605,1182,47591,4318
2013,2860,0.068876707,0.10570129,69501,4787,41421,5940
2014,2860,0.054828769,0.083573359,68796,3772,45240,5654
2015,2860,0.112971511,0.215097403,68026,7685,41843,8577
2016,2860,0.054306951,0.12380297,79511,4318,52282,6607
2017,2860,0.007597677,0.032330211,192164,1460,90237,14394
2018,2860,0.020443546,0.064211142,188030,3844,91851,14156
2019,2860,0.007176206,0.038190184,69396,498,27840,1577
2020,2860,-0.041619655,-0.235195664,70904,-2951,31834,2569
2010,7311,0.042302758,0.076339891,19566.1,827.7,15471.9,2300
2011,7311,0.046456055,0.079917448,20505.4,952.6,16323.5,1805
2012,7311,0.045066112,0.082283124,22151.9,998.3,17997.2,2698.9
2013,7311,0.044848792,0.079715274,22098.7,991.1,17828.8,2728.7
2014,7311,0.051206649,0.084465017,21559.7,1104,18052.7,2390.3
2015,7311,0.049473784,0.084646218,22110.7,1093.9,19053.4,2619.7
2016,7311,0.049582567,0.090646505,23165.4,1148.6,20304.2,3022.8
2017,7311,0.043656142,0.087198962,24931.2,1088.4,21596.6,3796.4
2018,7311,0.053881464,0.106380078,24617,1326.4,21265.8,3657.9
2019,7311,0.049997386,0.109816303,26783.4,1339.1,23202.4,4309.3
2020,7311,0.034195145,0.087390577,27647.2,945.4,23860.6,5600.5
2010,4931,0.022338805,0.144057623,59090,1320,36437,1670
2011,4931,0.02728465,0.178135115,62526,1706,39661,2300
2012,4931,0.015528387,0.136020926,113856,1768,72822,1757
2013,4931,0.023218533,0.170789541,114779,2665,73371,1545
2014,4931,0.0155995,0.123824554,120709,1883,79810,2036
2015,4931,0.023242761,0.193287116,121156,2816,81385,857
2016,4931,0.01620958,0.1566458,132761,2152,91720,392
2017,4931,0.022180489,0.219929542,137914,3059,96177,358
2018,4931,0.018336635,0.17395276,145392,2666,101558,442
2019,4931,0.023596369,0.253483024,158838,3748,110887,311
2020,4931,0.008479691,0.101242556,162388,1377,113204,259
2010,3826,0.1196243,0.448214469,3209.373,383.919,1283.555,420.086
2011,3826,0.001996506,0.008276687,3834.198,7.655,1991.982,142.342
2012,3826,0.017925235,0.068579788,3901.762,69.94,1961.95,171.444
2013,3826,0.042367419,0.157702388,3946.712,167.212,1952.225,173.242
2014,3826,0.038165249,0.141711463,4134.075,157.778,2091.973,174.821
2015,3826,0.050986548,0.189922082,4166.295,212.425,2055.854,237.932
2016,3826,0.054785216,0.224662765,4276.683,234.299,2123.113,359.265
2017,3826,0.048039855,0.261962672,6091.463,292.633,3588.275,202.134
2018,3826,0.03981694,0.179319207,5975.522,237.927,3390.567,166.315
2019,3826,0.034802443,0.167940227,6538.564,227.558,3724.74,191.894
2020,3826,0.091439472,0.469318383,7960.315,727.887,4224.823,402.614
2010,3620,0.053848829,0.102290244,17252,929,9849,1171
2011,3620,0.075532927,0.126109295,17873,1350,10381,1084
2012,3620,0.033948895,0.112165899,35848,1217,20720,1104
2013,3620,0.052435829,0.129092675,35491,1861,18628,1709
2014,3620,0.053476095,0.121964492,33529,1793,17690,1026
2015,3620,0.063774935,0.147609458,31031,1979,15800,445
2016,3620,0.063184194,0.153502116,30419,1922,15478,746
2017,3620,0.091499862,0.231449174,32623,2985,15333,1095
2018,3620,0.068988807,0.156912948,31092,2145,14950,440
2019,3620,0.067398262,0.1635476,32805,2211,16672,591
2020,3620,0.044306184,0.120946989,31824,1410,16851,1102
2010,2842,0.108842002,0.198852557,4872.2,530.3,2739.2,242.3
2011,2842,0.025355248,0.150470117,18240.8,462.5,12499.7,1843.6
2012,2842,0.040040291,0.123773001,17572.3,703.6,11412.2,1157.8
2013,2842,0.049285769,0.151457769,19636.5,967.8,12227.1,339.2
2014,2842,0.061787565,0.176835544,19466.7,1202.8,12084.6,209.6
2015,2842,0.053755827,0.159280923,18641.7,1002.1,11661.3,92.8
2016,2842,0.067080556,0.205553419,18330.2,1229.6,11359.3,327.4
2017,2842,0.075562057,0.233216859,19962.4,1508.4,12273.7,211.4
2018,2842,0.071189818,0.186121928,20074.5,1429.1,12020.9,114.7
2019,2842,0.074698957,0.202150008,20869.1,1558.9,12143.3,186.4
2020,2842,-0.066484608,-0.199358137,18126,-1205.1,11924.5,1260.2
2010,3823,0.094733616,0.179242939,22843,2164,12891,1592
2011,3823,0.103935292,0.176399459,23861,2480,13310,2052
2012,3823,0.082626585,0.139951643,23818,1968,13376,2367
2013,3823,0.081097487,0.141946451,24711,2004,13993,3275
2014,3823,0.088803408,0.156134099,24177,2147,14010,3149
2015,3823,0.122691054,0.214313958,22088,2710,13960,3153
2016,3823,0.075196615,0.210262346,21743,1635,14125,3182
2017,3823,0.07749247,0.183200579,19589,1518,10819,3062
2018,3823,0.108043158,0.235312967,20390,2203,11400,1093
2019,3823,0.112504269,0.231224306,20497,2306,12224,1494
2020,3823,0.085875361,0.21496554,22882,1965,14435,3315
2021,3823,0.093182278,0.230207917,24715,2303,14792,2354
2010,4924,0.03043249,0.050318846,6763.791,205.839,4585.443,131.952
2011,4924,0.028505379,0.05690246,7282.871,207.601,5027.45,131.419
2012,4924,0.028912273,0.07882252,7495.675,216.717,5136.432,64.239
2013,4924,0.03062742,0.077221629,7940.401,243.194,5359.992,66.199
2014,4924,0.033720417,0.071110615,8594.704,289.817,5508.472,42.258
2015,4924,0.03465049,0.09736723,9092.945,315.075,5898.148,28.653
2016,4924,0.034972319,0.146558469,10010.889,350.104,6547.83,47.534
2017,4924,0.036877758,0.231454143,10749.596,396.421,6850.93,26.409
2018,4924,0.050786745,0.2968815,11874.437,603.064,7104.486,13.771
2019,4924,0.038257075,0.289857816,13367.619,511.406,7617.396,24.55
2020,4924,0.039158913,0.383766694,15359.032,601.443,8567.829,20.808
2021,4924,0.033942296,0.328751825,19608.662,665.563,11701.773,116.723
2010,7323,0.077673579,0.350967233,3433.6,266.7,1725.2,119.4
2011,7323,0.066379753,0.303057905,3508.6,232.9,1786.5,127.7
2012,7323,0.060317883,0.328187191,4511.1,272.1,2551.9,146.8
2013,7323,0.077490694,0.446843643,4539.9,351.8,2198.9,235.9
2014,7323,0.078601686,0.434947319,4674.2,367.4,2439.6,179.1
2015,7323,0.095165225,0.483547442,4509,429.1,2158.6,123.5
2016,7323,0.07334934,0.439015628,6664,488.8,3942.7,157.3
2017,7323,0.0811928,0.490848308,7233.4,587.3,3994.4,357.8
2018,7323,0.041911312,0.231702605,7153.2,299.8,3997.5,254.6
2019,7323,-0.050423568,-0.262075311,7909,-398.8,5286.1,430.6
2020,7323,0.054110572,0.299355359,9611.8,520.1,6401.5,1709.7
2010,4731,0.128461741,0.065622632,2679.179,344.172,931.025,1084.989
2011,4731,0.134531662,0.072347984,2866.827,385.679,856.758,1294.828
2012,4731,0.112845597,0.063619037,2954.125,333.36,921.555,1260.842
2013,4731,0.115604555,0.065408613,3014.812,348.526,928.481,1273.989
2014,4731,0.130370247,0.065529408,2890.905,376.888,1019.297,967.443
2015,4731,0.177050911,0.080570258,2582.438,457.223,887.762,807.836
2016,4731,0.154362921,0.082840363,2790.871,430.807,943.658,974.47
2017,4731,0.156991897,0.081712604,3117.008,489.345,1122.635,1051.099
2018,4731,0.186510181,0.087513222,3314.559,618.199,1326.839,923.735
2019,4731,0.159916996,0.082833915,3691.884,590.395,1494.665,1230.491
2020,4731,0.141276423,0.078246489,4927.503,696.14,2264.276,1527.791
2010,2911,0.100690886,0.112869577,302510,30460,149831,8455
2011,2911,0.124028853,0.118405306,331052,41060,170308,13068
2012,2911,0.134453782,0.1323004,333795,44880,162135,9923
2013,2911,0.09394247,0.102481512,346808,32580,166313,4913
2014,2911,0.093049074,0.108719999,349493,32520,168429,4658
2015,2911,0.047957287,0.083741671,336758,16150,159948,3705
2016,2911,0.023734992,0.048392672,330314,7840,156484,3657
2017,2911,0.056525692,0.102416744,348691,19710,154191,3177
2018,2911,0.060197114,0.092409885,346196,20840,147668,3042
2019,2911,0.039548038,0.067913162,362597,14340,163659,3089
2020,2911,-0.067438017,-0.12716763,332750,-22440,168620,4364
2010,2870,0.051959396,0.088181168,3319.9,172.5,2130.7,161.5
2011,2870,0.097742754,0.173527459,3743.5,365.9,2439.4,158.9
2012,2870,0.095155353,0.180893602,4373.9,416.2,2819.1,77.1
2013,2870,0.056139211,0.120717982,5235.2,293.9,3663.1,123.2
2014,2870,0.057578878,0.12089165,5340.5,307.5,3776.5,109.5
2015,2870,0.077301254,0.238944539,6325.9,489,4417.6,78.6
2016,2870,0.034059258,0.106255399,6139.3,209.1,4146.3,64.2
2017,2870,0.058199277,0.321995192,9206.3,535.8,6499.2,283
2018,2870,0.050339372,0.207522215,9974.3,502.1,6763.9,161.7
2019,2870,0.048355566,0.199423535,9872.7,477.4,7311.3,339.1
2020,2870,0.054140815,0.224488134,10186.4,551.5,7202.2,568.9
2010,4911,0.036928709,0.190610694,52994,1957,38533,413
2011,4911,0.033625936,0.185886902,57188,1923,42245,465
2012,4911,0.029655954,0.201965758,64439,1911,48371,478
2013,4911,0.027530084,0.202290076,69306,1908,51266,653
2014,4911,0.03289781,0.244665012,74929,2465,54761,805
2015,4911,0.033366069,0.275282585,82479,2752,59367,815
2016,4911,0.032358072,0.3316251,89993,2912,64662,1603
2017,4911,0.054974598,0.656814851,97827,5378,68329,1961
2018,4911,0.064010337,0.780849312,103702,6638,65821,983
2019,4911,0.032024539,0.402412983,117691,3769,75844,1011
2020,4911,0.022861126,0.337612769,127684,2919,82755,1479
2009,4513,0.047546382,0.045557736,24902,1184,11091,1952
2010,4513,0.053021727,0.049198658,27385,1452,12165,2328
2011,4513,0.067953048,0.063785039,29903,2032,15176,2843
2012,4513,0.046504007,0.047277243,33567,1561,16169,4917
2013,4513,0.063410946,0.062397715,33070,2097,17793,2908
2014,4513,0.028325555,0.028938375,37069,1050,22076,3763
2015,4513,0.039510247,0.048655296,46064,1820,32280,3534
2016,4513,0.061727632,0.068841162,48552,2997,32479,3969
2017,4513,0.087368622,0.096364211,52330,4572,32914,3265
2018,4513,0.009925923,0.010482791,54403,540,36646,2319
2019,4513,0.017487795,0.024608672,73537,1286,55242,4881
2020,4513,0.063193882,0.084083457,82777,5231,58609,7087
2010,6798,0.038863092,0.423880061,3159.553,122.79,1978.423,15.797
2011,6798,0.039322573,0.485587613,3659.908,143.917,2333.979,67.806
2012,6798,0.038969467,0.472406545,3898.565,151.925,2493.552,36.988
2013,6798,0.03855645,0.463106564,4219.294,162.681,2643.572,88.927
